"RecordId"|"Id"|"Name"
1|"00555000000M4pwAAC"|"QA7 CFG2 KALA"
2|"00555000000M4qzAAC"|"Kala iPhone Tech"
3|"00555000000M4r4AAC"|"Sarika Admin"
4|"00555000000M4r9AAC"|"QA7 CFG2 FERHAN"
5|"00555000000M4rAAAS"|"QA7 CFG2 SHIVARANJINI"
6|"00555000000M4rBAAS"|"QA7 CFG2 SHANOJ"
7|"00555000000M4rJAAS"|"QA Ferhan"
8|"00555000000M4rTAAS"|"Sarika 夏季"
9|"00555000000MeWHAA0"|"Kala (中文) Tech"
10|"00555000000Mmw8AAC"|"夏季"
11|"001550000039cTUAAY"|"FerAcc2"
12|"00355000001RT9vAAG"|"W Q"
13|"00355000001RTWGAA4"|"F Contact01"
14|"00355000001RTbWAAW"|"Kiichiro Toyoda"
15|"00355000001RTbXAAW"|"SA Peugeot"
16|"00355000001RTbYAAW"|"Richardson Volks GOL"
17|"00355000001RTbaAAG"|"Karl BENZ"
18|"00355000001RTbbAAG"|"Soichiro Honda"
19|"00355000001RTbdAAG"|"Chemnitz AUDI"
20|"00355000001RaaHAAS"|"jango jilljill"
21|"00355000003oaLyAAI"|"iPhone Sum15"
22|"a0l550000008clRAAQ"|"STK-00000000"
23|"01255000000CgegAAC"|"Standard Location"
24|"a1G55000000KPeAEAW"|"Sriram"
